Hotel_User_Id,Hotel_Id,Hotel_User_Rating,Hotel_User_Review_Date,Hotel_User_Review
14760,6024,9,11/03/2024,"Kh√°ch s·∫°n s·∫°ch, y√™n tƒ©nh, ƒë·∫ßy ƒë·ªß ti·ªán nghi v√† th√≠ch nh·∫•t l√† nh√¢n vi√™n r·∫•t th√¢n thi·ªán, nhi·ªát t√¨nh nh·∫•t l√† 2 b·∫°n l·ªÖ T√¢n."
14760,8101,8,24/04/2024,H√†i l√≤ng
14760,6069,8,20/01/2024,Kh√° h√†i l√≤ng
14020,8897,8,06/02/2024,T·ªët
14020,6311,7,01/02/2024,Good
14020,7640,7,16/04/2024,
14630,7503,8,01/01/2024,"Nh√¢n vi√™n vui v·∫ª, th√¢n thi·ªán"
14630,8169,8,26/09/2023,Tr·∫£i nghi·ªám t·ªët
14630,6997,8,17/12/2023,Nice
14751,6311,9,17/12/2023,
14751,7640,8,,T·ªët
14751,6377,7,,
14579,7355,9,26/11/2023,B·∫°n Trang nh√¢n vi√™n l·ªÖ t√¢n r·∫•t nhi·ªát t√¨nh v√† ho√† ƒë·ªìng. S·∫µn s√†ng h·ªó tr·ª£ kh√°ch h√†ng khi c·∫ßn.
14579,7015,7,,"Ph√≤ng r·∫•t ƒë·∫πp, r·ªông r√£i, s·∫°ch s·∫Ω. Kh√¥ng gian ·∫•m c√∫ng v√† nh√¢n vi√™n c·ª±c k·ª≥ nhi·ªát t√¨nh."
14579,7509,6,,
14436,8101,10,26/09/2023,"S·∫°ch, nh√¢n vi√™n th√¢n thi·ªán. N·∫±m trong ph·ªë c·ªï, thu·∫≠n ti·ªán cho vi·ªác vui ch∆°i. ƒë·∫ßy ƒë·ªß ti·ªán nghi, r·ªông r√£i. nh√¢n vi√™n th√¢n thi·ªán c·ª±c k·ª≥. R·∫•t ƒë√°ng ƒë·ªÉ gh√© l·∫°i l·∫ßn sau!"
14436,9114,9,,
14436,8790,8,,
14008,7509,9,05/12/2022,"Nh√† m√¨nh nh·∫≠n ph√≤ng kh√° s·ªõm. 11 h30 ƒë√£ ƒë·∫øn kh√°ch s·∫°n. Ph√≤ng m√¨nh book l√† Deluxe l·∫°i ch∆∞a c√≥ ph√≤ng. ƒê·ª£i kho·∫£ng 10p ch·ªã qu·∫£n l√Ω th·∫•y gia ƒë√¨nh c√≥ tr·∫ª nh·ªè n√™n ƒë√£ s·∫Øp x·∫øp cho m√¨nh ·ªü ph√≤ng Suite m√† kh√¥ng ph·∫£i th√™m b·∫•t k·ª≥ ph√≠. 10 ƒëi·ªÉm cho s·ª± tinh t·∫ø c·ªßa kh√°ch s·∫°n. Ph√≤ng th√¨ r·ªông r√£i. √Ånh s√°ng t·ªët. M√¨nh kh√° th√≠ch kh√¥ng gian ·ªü ƒë√¢y. B·ªØa s√°ng free ƒÉn c≈©ng r·∫•t ngon mi·ªáng. Nh√¢n vi√™n ƒë·ªÅu nh·∫π nh√†ng. C√≥ ƒëi·ªÉm tr·ª´ ·ªü ƒë√¢y l√† v·ªÅ ph·∫ßn nh√† t·∫Øm v·∫´n c√≤n t√≥c ·ªü b·ªìn t·∫Øm, v√† t∆∞·ªùng ·∫©m b·ªã bong s∆°n. Nh∆∞ng v·ªõi m√¨nh n√≥ ch·ªâ l√† 1 ƒëi·ªÉm tr·ª´ nh·ªè x√≠u. ƒê√°ng ƒë·ªÉ l·∫ßn sau quay l·∫°i."
14008,8959,8,,
14008,6492,7,,
14531,9934,9,18/10/2023,"Although the bedside table is quite dusty (seems not to have been cleaned), the staff is enthusiastic and the central location is easy to navigate."
14531,8053,8,,
14531,8012,9,,
14116,8053,9,16/11/2023,H∆°i ·ªìn v√¨ c√°ch √¢m ph√≤ng. Nh√¢n vi√™n nh√† b·∫øp ·ªìn qu√°.
14116,8012,8,,
14116,6108,9,,
14478,8246,9,06/12/2023,V·ªã tr√≠ g·∫ßn c√°c ƒëi·ªÉm du l·ªãch n·ªïi ti·∫øng. Ph√≤ng s·∫°ch s·∫Ω. C√≥ ƒÉn s√°ng. C√≥ ch√∫t kh√¥ng c√°ch √¢m v√¨ c√≤n nghe ti·∫øng n∆∞·ªõc x·∫£.
14478,9934,8,,
14478,8053,7,,
14593,6069,9,24/09/2023,Ph√≤ng r·∫•t s·∫°ch s·∫Ω v√† ti·ªán nghi. Ra H√† N·ªôi m√¨nh l·∫°i ·ªßng h·ªô
14593,7355,7,,
14593,7015,7,,
14340,7503,8,01/04/2024,Great Hotel. Breakfast not the best but a good hotel and safe
14340,8169,7,,
14340,6997,6,,
14466,9114,8,31/03/2024,"Big beds, room is clean, simple breakfast, value for money"
14466,8790,8,,
14466,7355,7,,
14215,7509,8,12/12/2023,"Staff are armature, cant expect much from them. Almost seem careless. The hotel are very clean. No weird smell. Good ventilation, quiet. Good place to relax. The pool light off too early tho. If u wanna enjoin a good night light with a drink in the pool then its a no go. The way the pool set up is not good for a day swim. Overall subtract the pool. Great place, staff need more training then just hang around"
14215,8959,8,,
14215,6492,7,,
14163,6377,6,04/05/2021,"The new and clean hotel. But the central air condition has been locked on 27 celsius. I can‚Äôt control the temperature, it made me so hot."
14163,7503,8,,
14163,8169,7,,
14688,8897,10,15/09/2023,"Very good service, even the reception so polite in everything.. the best 4 stars hotel i ever stay ! Yayy !!! And give me free extend for 5 hours !!!"
14688,6997,9,,
14688,8057,8,,
14040,9114,8,06/05/2023,"Ban ƒë·∫ßu t√¥i ƒë·∫∑t ph√≤ng gi∆∞·ªùng ƒë√¥i 1 ng∆∞·ªùi ng·ªß v√† c√≥ ghi ch√∫ l√† ∆∞u ti√™n gi∆∞·ªùng ƒë√¥i l·ªõn, nh∆∞ng khi nh·∫≠n ph√≤ng th√¨ ph√≤ng l·∫°i c√≥ 2 gi∆∞·ªùng ƒë∆°n. Ph√≤ng t·ªëi v√† b√≠. T√¥i c√≥ g·ªçi ƒëi·ªán cho l·ªÖ t√¢n v√† ƒë∆∞·ª£c tr·∫£ l·ªùi l√† h·∫øt ph√≤ng ƒë√¥i v√† ƒë·ªÅ xu·∫•t t√¥i upgrade ph√≤ng ( tr·∫£ th√™m ph√≠ ). Ph√≤ng m·ªõi r·ªông h∆°n nh∆∞ng ch·ªâ c√≥ view nh∆∞ng ph√≤ng thi·∫øt k·∫ø kh√¥ng h·ª£p l√Ω. ƒÇn s√°ng l√† ƒëi·ªÉm c·ªông khi c√≥ view r·∫•t ·ªïn"
14040,8012,9,,
14040,6108,9,,
14055,6069,8,07/02/2024,Check in late around 10pm and because the porter wasn't around got to carry my 3 luggages up the stairs. (Make a slope so that luggage can trolley up) Upgraded my room however the toilet flush button was not functioning well. Overall still a comfortable stay.
14055,8897,8,,
14055,6311,7,,
14568,7640,8,13/01/2024,"The staff was nice and the Hotel was clean, bed was comfy and the breakfast was exceptional. Kind of a weird smell in the hallway and room but not harsh enough to be a dealbreaker. Beautiful reception area."
14568,6377,7,,
14568,7503,7,,
14547,6997,7,28/03/2023,"Kh√°ch s·∫°n m·ªõi n√™n kh√° s·∫°ch s·∫Ω , ƒë·ªì ƒÉn s√°ng ngh√®o n√†n , nh√¢n vi√™n c·∫ßn chuy√™n nghi·ªáp h∆°n"
14547,8057,8,,
14547,9114,8,,
14831,6311,10,29/07/2023,"Kh√°ch s·∫°n s·∫°ch s·∫Ω, y√™n tƒ©nh, n·∫±m ·ªü v·ªã tr√≠ c√≥ nhi·ªÅu qu√°n ƒÉn ngon (theo kh·∫©u v·ªã c√° nh√¢n) v√† nhi·ªÅu ƒëi·ªÉm du l·ªãch. Nh√¢n vi√™n d·ªÖ th∆∞∆°ng, nhi·ªát t√¨nh h·ªó tr·ª£."
14831,8790,7,,
14831,7355,5,,
14972,7015,8,10/09/2023,"Kh√°ch s·∫°n s·∫°ch s·∫Ω, nh√¢n vi√™n nhi·ªát t√¨nh, ƒë·ªãa ƒëi·ªÉm g·∫ßn ph·ªë c·ªï ti·ªán ƒëi l·∫°i"
14972,8057,9,,
14972,9114,6,,
14329,8790,8,01/07/2022,"Kh√°ch s·∫°n s·∫°ch s·∫Ω, v·ªã tr√≠ ƒëi l·∫°i thu·∫≠n ti·ªán, ƒë√°ng gi√° ti·ªÅn. Y√™n tƒ©nh, c√≥ th·ªÉ ƒëi b·ªô v·ªÅ ph·ªë c·ªï"
14329,7355,8,,
14329,7015,8,,
14806,7509,7,04/12/2022,"Ph√≤ng s·∫°ch s·∫Ω, v·ªã tr√≠ thu·∫≠n thi·ªán, nh√¢n vi√™n th√¢n thi·ªán, ph√π h·ª£p v·ªõi gi√° ti·ªÅn"
14806,8959,7,,
14806,9114,8,,
14782,8160,8,06/01/2024,Good
14782,6587,8,,
14782,8246,9,,
14530,7640,10,31/05/2023,"Kh√°ch s·∫°n ·ªü v·ªã tr√≠ t·ªët, ngay g·∫ßn Trung t√¢m h·ªôi ngh·ªã qu·ªëc gia v√† khu vui ch∆°i ƒÉn u·ªëng. Ks s·∫°ch s·∫Ω, view ƒë·∫πp, ti·ªán nghi, nh√¢n vi√™n l·ªÖ t√¢n v√† nh√† h√†ng nhi·ªát t√¨nh, friendly v√† hi·∫øu kh√°ch. Khi c·∫ßn h·ªó tr·ª£ th√™m g√¨ s·∫Ω ƒë∆∞·ª£c gi·∫£i quy·∫øt nhanh ch√≥ng v√† m√¨nh kh√° h√†i l√≤ng v√¨ ƒëi·ªÅu n√†y. S·∫Ω quay tr·ªü l·∫°i khi t·ªõi H√† N·ªôi."
14530,8246,8,,
14530,9934,5,,
14349,9374,10,01/01/2024,"Kh√°ch s·∫°n sang tr·ªçng v√† s·∫°ch s·∫Ω. C√°c b·∫°n nh√¢n vi√™n r·∫•t nice v√† nhi·ªát t√¨nh. Gi∆∞·ªùng √™m v√† ph√≤ng ·∫•m √°p, ƒë·∫ßy ƒë·ªß ti·ªán nghi. Gi√° ph√≤ng kh√° h·ªùi so v·ªõi tr·∫£i nghi·ªám m√¨nh nh·∫≠n ƒë∆∞·ª£c"
14349,8160,8,,
14349,6587,8,,
14135,6492,8,01/04/2024,Hotel staff was amazing and went above and beyond . Room was decent only issue is the location as it‚Äôs too far from the old quarter which is central Hanoi.
14135,6328,7,,
14135,9374,8,,
14725,8057,8,07/12/2023,Came across this hotel decided to give it a shot with my friend. Really friendly staffs with good clean rooms. The only setback is probably the worn out carpets along the room corridors. Good view from the breakfast area which is located at the roof of the building. Definitely will stay here again if I ever travel to Hanoi again. 4.4/5 !
14725,9114,8,,
14725,8790,7,,
14041,7503,9,25/10/2023,"Pros: Clean hotel, good breakfast (though almost the same food served every day) Cons: no ramp for PWDs, senior citizens, and people with big luggages at the front door. But hotel staff was kind enough to help us"
14041,8169,8,,
14041,6997,7,,
14761,6377,10,19/03/2024,C·∫£m ∆°n c√°c b·∫°n ƒë√£ mang l·∫°i tr·∫£i nghi·ªám tuy·ªát v·ªùi.
14761,6311,8,,
14761,7640,8,,
14846,6377,10,10/03/2024,"Ks r·∫•t m·ªõi v√† ƒë·∫πp, nv l·ªãch s·ª± d·ªÖ th∆∞∆°ng"
14846,9114,7,,
14846,8790,8,,
14848,6997,9,05/02/2024,"Kh√°ch s·∫°n m·ªõi, s·∫°ch s·∫Ω, r·∫•t trung t√¢m."
14848,8057,8,,
14848,9114,9,,
14296,6377,8,04/03/2024,Everything is nice at reasonable price.
14296,7503,8,,
14296,8169,9,,
14245,7640,8,04/04/2024,It's in the aisle with some stands who chat in the morning. The soundproofing is not so good so it's a bit noisy.
14245,6377,8,,
14245,7503,9,,
14781,7503,10,29/03/2024,"Pros: - quite near Hanoi Old Town and center of the city - super cozy and quite - helpful & friendly staff - newly built & convenient room - affordable price Cons: - the street is blocking so cannot enter by car, you'll have to walk around 2-3 mins thorough the pavement & alley to this hotel. Somehow it is inconvenient but good for health lol :))"
14781,6024,7,,
14781,8101,7,,
14935,9114,10,04/02/2024,ƒëc
14935,8790,7,,
14935,7355,9,,
14428,8057,9,07/01/2024,The room is big and comfortable. Got to the hotel too early around 11:30am but the staff still kindly let me checkin despite the rules stating that checkin should be at 2pm. Staff was extremely polite and would help if there was antthing you needed. Would choose this hotel again if I am coming another time.
14428,9114,9,,
14686,8790,8,29/03/2024,Ch·ªó ngh·ªâ n√™n b·ªï sung ƒë·ªß ƒë·ªì d√πng sau m·ªói l·∫ßn d·ªçn ph√≤ng. M·ªçi th·ª© kh√°c ƒë·ªÅu r·∫•t OK
14686,6328,8,,
14686,9374,9,,
14366,8160,9,30/03/2024,It was ok but the road is not accessible
14366,6997,9,,
14692,8169,10,18/09/2023,"Kh√°ch s·∫°n s·∫°ch s·∫Ω, g·∫ßn khu ph·ªë c·ªï. Nh√¢n vi√™n th√¢n thi·ªán nhi·ªát t√¨nh v·ªõi kh√°ch h√†ng."
14692,7015,8,,
14673,7509,10,24/02/2024,"Nh√¢n vi√™n ph·ª•c v·ª• nhi·ªát t√¨nh, vui v·∫ª, v·ªã tr√≠ ph·ªë c·ªï thu·∫≠n l·ª£i di chuy·ªÉn"
14673,8959,7,,
14855,6492,10,02/02/2024,"ƒê·∫ßy ƒë·ªß ti·ªán nghi, ok"
14855,6328,8,,
14855,9374,7,,
14425,8160,8,02/01/2024,N·∫±n khu v·ª±c ph·ªë c·ªï thu·∫≠n ti·ªán cho vi·∫πc di chuy·ªÉn
14425,6587,9,,
14326,8246,8,28/03/2024,"Best Services, Lola & Jenny is very helpful. Location is in city centre and room is neat and clean."
14326,7015,8,,
14326,7509,9,,
14928,6997,10,16/10/2023,M√¨nh c√≥ tr·∫£i nghi·ªám r·∫•t t·ªët t·∫°i kh√°ch s·∫°n
14928,6587,7,,
14937,8246,10,23/03/2024,"Kh√°ch s·∫°n n·∫±m ngay khu ph·ªë c·ªï, c·∫°nh b·ªù h·ªì.
Ph√≤ng ·ªëc s·∫°ch s·∫Ω v√† r·∫•t ƒë·∫πp, nh√¢n vi√™n r·∫•t th√¢n thi·ªán v√† nhi·ªát t√¨nh."
14937,9934,8,,
14937,8053,7,,
14514,8012,10,01/03/2024,"Thi·∫øt k·∫ø ƒë·∫πp, chƒÉm ch√∫t t·ª´ng g√≥c c·∫°nh"
14514,6108,8,,
14125,6311,9,14/11/2023,Kh√¥ng gian c·ªï ƒëi·ªÉn. Ph√≤ng ·ªëc s·∫°ch s·∫Ω. Ti·∫øp ƒë√≥n chu ƒë√°o.
14125,7640,9,,
14293,6997,8,05/04/2024,Amazing staff and comfortable rooms.
14293,8057,7,,
14099,8057,9,30/09/2022,"ph√≤ng ·ªëc s·∫°ch s·∫Ω, nh√¢n vi√™n th√¢n thi·ªán nhi·ªát t√¨nh, v·ªã tr√≠ ngay trung t√¢m, thu·∫≠n ti·ªán ƒëi l·∫°i, gi√° ph√≤ng c≈©ng h·ª£p l√Ω"
14099,6024,6,,
14111,8101,10,24/01/2024,"Thus is my first day in Hanoi, staffs are very friendly and nice. Highly recommendation."
14111,6069,5,,
14265,8959,8,04/04/2024,
14265,6492,8,,
14000,6587,10,01/04/2024,In Hanoi I would stay there again.
14000,8246,9,,
14000,9934,7,,
14967,9934,10,28/03/2024,Highly recommended!! Staff is very helpful
14967,8053,8,,
14169,9114,9,04/03/2024,"v·ªã tr√≠ t·ªët, nh√¢n vi√™n nhi·ªát t√¨nh"
14169,8101,8,,
14169,6069,9,,
14194,8897,8,20/03/2024,Kh√°ch s·∫°n m·ªõi n√™n m·ªçi ƒëi·ªÅu ƒë·ªÅu t·ªët 
14194,8959,10,,
14450,6492,8,24/03/2024,
14450,6328,7,,
14450,6997,6,,
14830,8057,10,05/03/2024,
14830,9114,5,,
14830,7503,5,,
14204,8169,10,23/03/2024,Xu·∫•t s·∫Øc
14204,6997,4,,
14948,8790,9,04/01/2024,"Nh√¢n vi√™n nhanh nh·∫πn, chuy√™n nghi·ªáp. V·ªã tr√≠ thu·∫≠n ti·ªán, g·ªëi √™m ng·ªß ngon"
14948,9114,8,,
14375,8790,10,20/05/2023,"V·ªã tr√≠ trung t√¢m, thu·∫≠n ti·ªán ƒëi l·∫°i, nh√¢n vi√™n chuy√™n nghi·ªáp."
14375,7355,9,,
14662,8053,9,26/08/2023,Nh√¢n vi√™n PV t·ªët
14662,8012,8,,
14662,6108,9,,
14306,7509,8,02/04/2024,
14306,8959,9,,
14494,6492,8,02/04/2024,
14494,8101,9,,
14494,6069,9,,
14531,7355,10,01/05/2021,R·∫•t thu·∫≠n ti·ªán ƒëi l·∫°i
14531,9114,8,,
14531,8790,8,,
14501,7355,8,02/04/2024,
14501,8101,8,,
14501,6069,7,,
14221,8897,7,01/04/2024,Great value for money in Hanoi!
14221,8246,8,,
14221,9934,6,,
14739,8053,5,31/03/2024,Great location and staff but not a good room.
14739,9114,9,,
14739,8790,7,,
14658,7355,10,28/03/2024,
14658,7640,8,,
14658,6377,7,,
14593,7015,9,14/06/2023,"Ph√≤ng r·∫•t ƒë·∫πp, r·ªông r√£i, s·∫°ch s·∫Ω. Kh√¥ng gian ·∫•m c√∫ng v√† nh√¢n vi√™n c·ª±c k·ª≥ nhi·ªát t√¨nh."
14593,6311,8,,
14593,7640,7,,
14893,6377,9,25/06/2022,Thu·∫≠n ti·ªán cho ƒëi c√¥ng t√°c
14893,6024,7,,
14893,8101,8,,
14126,6069,10,17/03/2024,We loved our stay !
14126,6587,8,,
14126,8246,7,,
14921,9934,10,07/12/2023,"Kindness, standard and profesionalism"
14921,6377,7,,
14921,7503,8,,
14735,8169,10,27/11/2023,Lovely room which make u forget all ur outings‚Ä¶
14735,8160,9,,
14695,7509,10,03/01/2023,H√† N·ªôi l·∫°nh nh∆∞ng ph√≤ng ngh·ªâ r·∫•t ·∫•m √°p
14695,6311,8,,
14883,7640,9,15/10/2023,"Kh√°ch s·∫°n ·ªü ngay trung t√¢m, g·∫ßn ph·ªë c·ªï ti·ªán ƒëi l·∫°i.
Nh√¢n vi√™n ph·ª•c v·ª• l·ªãch s·ª±, buffee s√°ng ngon, ƒëa d·∫°ng"
14883,6377,7,,
14883,8169,8,,
14433,6997,10,15/10/2023,"s·∫°ch s·∫Ω, y√™n tƒ©nh"
14433,8057,9,,
14643,7015,8,27/07/2023,"Nh√¨n chung l√† ·ªïn, nh√¢n vi√™n nhi·ªát t√¨nh chu ƒë√°o. C√≥ th·ªÉ s·∫Ω ti·∫øp t·ª•c quay l·∫°i l·∫ßn sau. Nh∆∞ng m√¨nh s·∫Ω book ph√≤ng di·ªán t√≠ch"
14643,7509,7,,
14643,8959,6,,
14894,6377,8,24/07/2023,"Nh√¢n vi√™n r·∫•t tuy·ªát v·ªùi, t·ª´ nh√¢n vi√™n ph·ª•c v·ª• b·ªØa s√°ng cho t·ªõi nh√¢n vi√™n l·ªÖ t√¢n. M√¨nh r·∫•t h√†i l√≤ng."
14894,7503,8,,
14803,8959,10,24/09/2022,"kh√¥ng gian d·ªÖ th∆∞∆°ng, ph·ª•c v·ª• chu ƒë√°o"
14803,9374,5,,
14993,8160,8,26/10/2023,"ƒê·ªãa ƒëi·ªÉm tuy·ªát v·ªùi,ph√≤ng s·∫°ch s·∫Ω.
Nh√¢n vi√™n nhi·ªát t√¨nh,l·ªãch s·ª±."
14993,6587,9,,
14993,6587,8,,
14797,8246,9,13/10/2023,Nh√¢n vi√™n th√¢n thi·ªán. ƒê·ªãa ƒëi·ªÉm thu·∫≠n l·ª£i
14797,9934,9,,
14797,6024,8,,
14766,8101,10,02/09/2023,
14766,6069,9,,
14766,8169,8,,
14164,6997,10,,Ph√≤ng phong c√°ch hi·ªán ƒë·∫°i s·∫°ch s·∫Ω tr√¥ng kh√¥ng h·ªÅ ch·∫≠t b√≠ m·∫∑c d√π ch·ªâ 20m2
14164,8057,8,,
14623,6492,10,04/04/2024,H√†i l√≤ng
14623,8053,7,,
14145,8012,10,24/03/2024,"Kh√°ch s·∫°n s·∫°ch s·∫Ω, nh√¢n vi√™n nhi·ªát t√¨nh, ƒëi l·∫°i thu·∫≠n ti·ªán"
14145,6108,7,,
14145,7015,8,,
14188,7509,8,17/02/2024,"Kh√°ch s·∫°n view ƒë·∫πp, thu·∫≠n ti·ªán di chuy·ªÉn"
14188,8959,8,,
14777,9934,8,20/01/2024,"The first and second time I came here, I felt that the staff and manager were very cute and enthusiastic, but when I returned here for the third time, I felt not as satisfied as the first and second time I came. , because when I returned here for the third time, I saw a young man at the reception checking check-in and check-out documents. I felt unsatisfied with that person's attitude and service"
14777,8053,9,,
14086,8012,8,22/03/2024,Good
14086,9934,8,,
14252,6328,9,18/02/2024,Kh√°ch s·∫°n ·ªü oke ph·∫øt c√°c b·∫°n ·∫°
14252,6024,8,,
14446,8101,8,25/04/2023,Place has good location and everything is near it. I will always prefer to stay here while in Hanoi ü•∞‚ù§Ô∏è
14446,6069,7,,
14375,8897,9,03/04/2024,Only spent one night. Hotel is nicely located and was a short walk to lake where many of the streets were closed to traffic (Friday). Some confusion booking car to airport with front desk but worked it out in the end.
14100,6311,8,17/03/2024,"A little out of te way, but not too far of a walk. Staff exceptional, Mr Giap made sure everything us better than i expected."
14956,7640,8,24/03/2024,At a good price I would stay here again.
14477,7640,10,18/10/2023,"Ph√≤ng ngh·ªâ ƒë∆∞·ª£c l√†m s·∫°ch m·ªói ng√†y , nh√¢n vi√™n vui v·∫ª nhi·ªát t√¨nh ‚Ä¶ n·∫øu c√≥ ƒëi H√† N·ªôi s·∫Ω ti·∫øp t·ª•c ·ªü ƒë√¢y"
14621,6377,8,01/04/2024,"Nh√¢n vi√™n nhi·ªát t√¨nh, ph√≤ng kh√° tho√°ng v√† s·∫°ch s·∫Ω, tuy nhi√™n ph√≤ng v·ªá sinh b·ªã m√πi"
14572,7503,9,29/03/2024,Okie nha
14369,6024,8,24/03/2024,"M·ªôt kh√°ch s·∫°n tuy·ªát v·ªùi ·ªü khu v·ª±c Ph·ªë C·ªï, ƒë·ªãa ƒëi·ªÉm thu·∫≠n ti·ªán ƒëi l·∫°i v√† nh√¢n vi√™n r·∫•t th√¢n thi·ªán."
14744,8101,7,02/04/2024,"All staff are friendly and very helpful. Hotel building is old, limited facilities, but the room is clean. Towel etc is changed every day."
14687,8160,10,26/03/2024,"Kh√°ch s·∫°n d·∫°ng cƒÉn h·ªô tuy·ªát v·ªùi! Gi√° c·∫£ qu√° h·ª£p l√Ω, di chuy·ªÉn ƒëi c√°c danh lam th·∫Øng c·∫£nh ·ªü H√† N·ªôi, Ph·ªë c·ªï r·∫•t thu·∫≠n l·ª£i! 10 ƒëi·ªÉm tuy·ªát ƒë·ªëi cho d·ªãch v·ª•, ti·ªán √≠ch v√† t·∫ßm gi√° ‚ù§Ô∏è"
14820,9934,8,20/03/2024,Ph√π h·ª£p v·ªõi m·ªçi ng∆∞·ªùi
14120,8053,9,17/02/2024,V·ªõi m·ª©c gi√° nh∆∞ v·∫≠y th√¨ ƒë√¢y l√† ƒë·ªãa di·ªÉm ƒë√°ng ƒë·ªÉ l·ª±a ch·ªçn cho k·ª≥ ngh·ªâ ng·∫Øn ng√†y.
14484,8012,8,03/01/2024,"Spotless clean,spacious,very reasonably priced, the only negative is you need a taxi/grab each time you go to the old quarters.Otherwise all good."
14033,6108,9,31/03/2024,"Pillow is huge and soft, bed is as properly soft, I had a very sweet sleep."
14414,6587,10,04/02/2024,"M√¨nh gh√© qua HN ng·∫Øn h·∫°n n√™n book ph√≤ng dorm r·∫•t ok, ƒëa s·ªë l√† c√°c b·∫°n T√¢y ·ªü c√πng. C·ª±c k√¨ s·∫°ch s·∫Ω, t·ªß c≈©ng d√πng kho√° t·ª´, m·ªói gi∆∞·ªùng ƒë·ªÅu c√≥ ·ªï s·∫°c, ƒë√®n v√† r√®m ri√™ng. Tuy·ªát v·ªùi ·∫° üòò"
14028,8959,9,27/02/2024,Mike and the crew at the Little Charm are pros. This is my first-choice place to stay in Hanoi.
14091,6492,9,15/02/2024,"Nice location, nice place to stay"
14272,6328,8,27/01/2024,"X√∫ng ƒë√°ng v·ªõi m·ª©c gi√°, v√¨ l√† dorm n√™n ti·ªán nghi nh∆∞ v·∫≠y l√† h·ª£p l√Ω. Tuy nhi√™n c√°c b·∫°n T√¢y ·ªü nhi·ªÅu, n√™n c·∫ßn th√¥ng gi√≥ t·ªët h∆°n ƒë·ªÉ gi·∫£m m√πi b√™n trong ks"
14954,8959,8,03/04/2024,The bed itself is clean but sometimes the bathroom is needed to be more clean. Perfect location at the center of Hanoi!
14045,8246,10,17/04/2023,Ph√≤ng ƒë·∫πp nh√¢n vi√™n ni·ªÅm n·ªü
14034,6069,10,05/04/2024,Staff very helpful
14173,8897,8,29/03/2024,okay hotel - expect noise from street and building site
14832,6311,9,27/03/2024,
14185,6024,8,22/03/2024,
14769,9934,10,05/05/2022,"S·∫°ch. Ti·ªán, g·∫ßn h·ªì v√† qu√°n ƒÉn"
14777,8101,8,31/03/2024,Very friendly staff but not all speak english. Google translator helped. Manager knowledgeful saved situation. My stay was pleasant and comfy.
14804,6069,7,30/03/2024,
14318,8897,9,29/03/2024,Great location. Very comfortable beds and great Aircon . Very friendly staff. Good shower.
14811,8012,8,25/03/2024,
14230,8053,8,02/04/2024,Decent hotel for budget price
14957,8790,8,01/04/2024,
14171,7355,9,26/03/2024,Excellent
14264,7015,8,18/03/2024,"Comfortable and clean, with friendly and helpful staff."
14488,7509,10,15/03/2024,
14490,8012,9,04/04/2024,
14620,6328,8,31/03/2024,
14861,9374,10,24/03/2024,Good Location In The Old Quarter
14214,8160,10,22/03/2024,Our best stay in Grand Cititel Hanoi Hotel
14610,6997,10,21/03/2024,"Good value for money, recommended"
14360,6108,7,18/02/2024,V·ªã tr√≠ t·ªët cho kh√°ch c·∫ßn ch·ªó ƒë·ªó √¥ t√¥
14758,8959,8,03/02/2024,"P s·∫°ch s·∫Ω, tuy nhi√™n h∆°i b·∫•t ti·ªán v√¨ c·∫ßu thang m√°y l·ªách t·∫ßng. Nh√¢n vi√™n r·∫•t th√¢n thi·ªát"
14296,6492,9,02/01/2024,
14655,6328,8,16/03/2024,"Well managed hotel. Decent rooms with attached bathrooms. Accessible locations around, and great host."
14350,8897,8,14/03/2024,All good thanks.